Category,Product Name,1688 Factory Name,Location,MOQ,Price Range,1688 Search Keywords,Profit Margin,Target Customer
Men Sandals,Leather Sandals (লেদার স্যান্ডেল),温州市鞋厂,"Wenzhou, Zhejiang",50-200 pcs,\$3.00-\$8.00,男士皮凉鞋批发,50-70%,Adult Men
Men Sandals,Rubber Flip-Flops (রাবার ফ্লিপ-ফ্লপ),揭阳市塑料鞋厂,"Jieyang, Guangdong",200-1000 pcs,\$0.50-\$1.50,男士人字拖批发,60-80%,All Men
Men Sandals,EVA Slippers (ইভা স্লিপার),揭阳市拖鞋厂,"Jieyang, Guangdong",200-1000 pcs,\$0.80-\$2.00,男士EVA拖鞋批发,55-75%,All Men
Men Sandals,Casual Sandals (ক্যাজুয়াল স্যান্ডেল),温州市凉鞋厂,"Wenzhou, Zhejiang",100-300 pcs,\$2.00-\$5.00,男士休闲凉鞋批发,50-70%,Young Men
Men Sandals,Traditional Kolhapuris (কলহাপুরি),温州市传统鞋厂,"Wenzhou, Zhejiang",50-200 pcs,\$4.00-\$10.00,传统男鞋批发,55-75%,Adult Men
Men Shoes,Casual Sneakers (ক্যাজুয়াল স্নিকার্স),温州市运动鞋厂,"Wenzhou, Zhejiang",50-200 pcs,\$4.00-\$12.00,男士休闲鞋批发,50-70%,Young Men
Men Shoes,Formal Shoes (ফরমাল শু),温州市皮鞋厂,"Wenzhou, Zhejiang",30-100 pcs,\$5.00-\$15.00,男士皮鞋批发,45-65%,Working Men
Men Shoes,Running Shoes (রানিং শু),泉州市鞋厂,"Quanzhou, Fujian",50-200 pcs,\$5.00-\$15.00,男士跑步鞋批发,50-70%,Fitness Enthusiasts
Men Shoes,Canvas Shoes (ক্যানভাস শু),温州市帆布鞋厂,"Wenzhou, Zhejiang",100-500 pcs,\$2.00-\$6.00,男士帆布鞋批发,55-75%,Students
Men Shoes,Loafers (লোফার্স),温州市乐福鞋厂,"Wenzhou, Zhejiang",50-200 pcs,\$4.00-\$10.00,男士乐福鞋批发,50-70%,Working Men
Crocs Style,Clogs/Slides (ক্লগ/স্লাইড),揭阳市洞洞鞋厂,"Jieyang, Guangdong",100-500 pcs,\$1.50-\$4.00,洞洞鞋批发,60-80%,All Ages
Crocs Style,Garden Shoes (গার্ডেন শু),揭阳市花园鞋厂,"Jieyang, Guangdong",200-1000 pcs,\$1.00-\$3.00,花园鞋批发,55-75%,All Ages
Crocs Style,EVA Clogs (ইভা ক্লগ),揭阳市EVA鞋厂,"Jieyang, Guangdong",200-1000 pcs,\$0.80-\$2.50,EVA洞洞鞋批发,60-80%,Kids/Adults
Crocs Style,Jibbitz Charms (জিবিটজ চার্ম),义乌市鞋花厂,"Yiwu, Zhejiang",500-2000 pcs,\$0.05-\$0.30,洞洞鞋鞋花批发,80-100%,Kids/Teens
Crocs Style,Platform Clogs (প্ল্যাটফর্ম ক্লগ),揭阳市厚底鞋厂,"Jieyang, Guangdong",100-500 pcs,\$2.00-\$5.00,厚底洞洞鞋批发,55-75%,Young Women